有功,Idc=0.0090,,,,,,,
无功,Iq=4.0000,,,,,,,
电压,279.9,,,,,,,
1,-20.46920389,-37.0878949,-67.180098,-20.57922421,179.2467805,179.9172615,34.09128564,-1.521699024
1.315789474,-20.31518969,-37.07181575,-71.79467745,-20.56763576,178.5020601,-179.8104998,3.509797316,-2.465655736
1.754385965,-20.09767628,-37.05819758,-70.56805459,-20.55102342,176.9572605,-179.5734073,-5.365773665,-3.604146114
2.325581395,-19.84337217,-37.00635026,-70.2395198,-20.54701477,174.2638792,-179.2661488,-1.820062033,-5.013834098
3.03030303,-19.61222162,-36.89066977,-69.66130994,-20.55241109,170.2862722,-178.8908271,-5.792883299,-6.737208717
4,-19.44647508,-36.64665599,-69.50374786,-20.57301954,164.3052456,-178.7029265,-9.435993134,-9.055836361
5.357142857,-19.44273412,-36.20964712,-69.48158917,-20.61731861,155.8303749,-179.3784296,-16.36738431,-12.25128255
6.976744186,-19.66716288,-35.66236073,-69.49212206,-20.68897911,146.1382163,178.3385185,-23.84695375,-16.00462205
9.375,-20.2787541,-34.98146034,-69.85021765,-20.83016198,132.9359214,172.7643516,-34.49794283,-21.46186373
12.5,-21.37613685,-34.45851313,-70.49478279,-21.07061694,117.7888687,163.46955,-46.71127764,-28.3805705
16.66666667,-23.12248186,-34.34268339,-71.61788016,-21.47964949,100.929349,150.3367009,-61.09518274,-37.21945901
21.42857143,-25.26946893,-34.76063533,-73.12478561,-22.0499573,85.6593012,136.4094801,-74.89198002,-46.70548834
28.57142857,-28.4567209,-35.94871237,-75.46374866,-23.05593128,68.80426346,118.9494225,-91.13378516,-59.60708366
37.5,-32.12083908,-37.77391531,-78.34010842,-24.46504954,54.48930866,102.1869928,-106.4578021,-73.51959741
50,-36.58617128,-40.3842366,-82.0900678,-26.53581008,41.6195993,85.17808085,-121.4440328,-89.34602616
66.66666667,-41.61366242,-43.60633802,-86.57527961,-29.23223798,31.1004996,69.5718504,-134.7221617,-105.2957867
87.5,-46.99055182,-47.13123466,-91.60416854,-32.30111124,22.97733095,56.52724198,-145.2396619,-119.532392
116.6666667,-53.84706598,-51.27085274,-98.2287809,-35.9577666,15.59024936,44.83174426,-155.1157417,-132.9480749
150,-62.43973925,-55.1509532,-106.6378608,-39.34049624,8.290548154,36.48160189,-165.010422,-142.9816093
200,-77.65816392,-59.80743542,-121.7703486,-43.21964017,-144.7262405,28.99672698,38.43963152,-152.5151318
电压,311,,,,,,,
1,-22.32630114,-37.98389884,-68.14089977,-22.4114588,179.3462547,179.9237165,38.72507834,-1.408719703
1.315789474,-22.18779114,-37.97008736,-74.00004491,-22.40225583,178.6907408,-179.8386944,4.758738126,-2.356693327
1.754385965,-21.9922115,-37.95914797,-72.53056273,-22.38479102,177.3262937,-179.6336638,-6.12006238,-3.461144034
2.325581395,-21.76191633,-37.91622478,-72.21090171,-22.38036345,174.951181,-179.3653121,-0.916727043,-4.816127576
3.03030303,-21.54737418,-37.81993359,-71.57296149,-22.38482123,171.4512366,-179.0218312,-4.729746692,-6.478577468
4,-21.37815864,-37.6137357,-71.42263172,-22.40421236,166.1846421,-178.7874652,-7.440689152,-8.7122419
5.357142857,-21.32653126,-37.23139195,-71.37537564,-22.44620433,158.6678148,-179.1815415,-13.48147359,-11.79117541
6.976744186,-21.44957648,-36.7228581,-71.26989026,-22.5140658,149.9254921,179.1148119,-20.01737896,-15.40665155
9.375,-21.86712684,-36.02651431,-71.4428979,-22.64795821,137.654317,174.5072595,-29.76073064,-20.66357
12.5,-22.70150944,-35.39574323,-71.81855858,-22.8758155,122.9352952,166.1338119,-41.54568159,-27.32945499
16.66666667,-24.16562602,-35.10534008,-72.65894319,-23.26321828,105.704913,153.4379673,-56.32443153,-35.85041738
21.42857143,-26.1214055,-35.37816069,-73.97827893,-23.80307715,89.47120341,139.3783187,-71.07918119,-45.00511897
28.57142857,-29.20898766,-36.46266463,-76.21641621,-24.75473352,71.22251059,121.4964039,-88.70815568,-57.48229011
37.5,-32.88417357,-38.23979559,-79.10423718,-26.08735842,55.78953159,104.458832,-105.1631936,-70.99164947
50,-37.42447047,-40.80378801,-82.92881811,-28.04735193,42.15806621,87.39917311,-120.9143147,-86.47163069
66.66666667,-42.56476901,-43.95544864,-87.52642145,-30.6077068,31.22963102,71.81857573,-134.6063015,-102.2568265
87.5,-48.10413059,-47.39591456,-92.71837839,-33.5378764,22.89039181,58.69265919,-145.3058997,-116.5592083
116.6666667,-55.32371492,-51.44696514,-99.70810992,-37.05197486,15.24561049,46.73174226,-155.4179738,-130.2535289
150,-65.05542472,-55.26318613,-109.2375491,-40.31852958,6.713025488,38.02804228,-166.7310096,-140.63523
200,-72.50345596,-59.86745997,-116.5930258,-44.06952257,-157.2744281,30.06417941,26.91370412,-150.5958665
电压,342.1,,,,,,,
1,-24.00389014,-38.79609169,-68.87797023,-24.0682763,179.4232468,179.9298112,42.85766829,-1.306313498
1.315789474,-23.87804295,-38.78404935,-76.06996455,-24.06169891,178.8383581,-179.8602114,6.18228879,-2.266994294
1.754385965,-23.70043458,-38.7750226,-74.31109823,-24.04335484,177.6168114,-179.680182,-7.093469593,-3.345171997
2.325581395,-23.4901955,-38.73864914,-73.99788953,-24.03860347,175.4931703,-179.4427953,-0.130470169,-4.65427955
3.03030303,-23.29081826,-38.65673535,-73.29045447,-24.04227262,172.3701407,-179.1287939,-3.924452134,-6.267119944
4,-23.12332161,-38.47949799,-73.15332843,-24.06077421,167.671198,-178.8747748,-5.826656426,-8.43101959
5.357142857,-23.04265671,-38.14272584,-73.10248357,-24.10107256,160.9360524,-179.0851697,-11.15790586,-11.41454253
6.976744186,-23.0968453,-37.67479069,-72.9118111,-24.16608191,153.0166166,179.6374524,-16.8800973,-14.9168198
9.375,-23.37094267,-36.98623839,-72.95138458,-24.29453547,141.6636394,175.8401667,-25.72934137,-20.00872857
12.5,-23.98838494,-36.28256138,-73.10350184,-24.51291811,127.5662597,168.3865621,-36.89412972,-26.4649593
16.66666667,-25.1859602,-35.83644796,-73.67706225,-24.88390804,110.2981875,156.2771183,-51.73750382,-34.71947601
21.42857143,-26.93443086,-35.9585221,-74.79295136,-25.40039386,93.32884535,142.1852333,-67.21955713,-43.59209974
28.57142857,-29.89548545,-36.93004766,-76.90320722,-26.30968959,73.75953338,123.8498733,-86.16335209,-55.69820535
37.5,-33.56783467,-38.66530079,-79.78873829,-27.58120673,57.1772444,106.4509998,-103.7806484,-68.83737722
50,-38.17889095,-41.20134164,-83.68372454,-29.44938735,42.74741539,89.30158007,-120.3335213,-83.96781723
66.66666667,-43.43239622,-44.30187016,-88.39410418,-31.89123065,31.38984077,73.78526043,-134.4595342,-99.53676229
87.5,-49.13969076,-47.67038259,-93.75460065,-34.69392689,22.82064439,60.66198682,-145.3538568,-113.8243875
116.6666667,-56.75793218,-51.63821717,-101.1454768,-38.07039627,14.87252515,48.536604,-155.7425288,-127.7088803
150,-68.00105196,-55.39036193,-112.1559848,-41.22112084,4.296255384,39.55639029,-169.3579358,-138.3780836
200,-69.69467857,-59.93953962,-113.7910399,-44.8433308,-161.3863555,31.18319636,23.13761719,-148.7213793
无功,Iq=6.0000,,,,,,,
电压,279.9,,,,,,,
1,-20.46921714,-33.50299983,-65.38489425,-20.57433875,179.2463899,179.9644002,42.65761749,-1.447780648
1.315789474,-20.31518203,-33.49099913,-72.49300308,-20.56749209,178.5019505,-179.8249827,5.692163133,-2.460813542
1.754385965,-20.09767607,-33.47632994,-70.6907093,-20.54938834,176.957167,-179.6069913,-7.680300014,-3.610326053
2.325581395,-19.84337457,-33.42482594,-70.34871381,-20.54530295,174.2637073,-179.3046372,-1.43096882,-5.011361543
3.03030303,-19.61223056,-33.30981103,-69.61232082,-20.55014469,170.2860543,-178.9445408,-5.960641773,-6.735908666
4,-19.44649205,-33.06799541,-69.48465898,-20.57081734,164.3049584,-178.7696453,-9.185702806,-9.052362783
5.357142857,-19.44276624,-32.6345315,-69.50445673,-20.61517699,155.830029,-179.4559295,-16.3071718,-12.2475431
6.976744186,-19.66721674,-32.09078761,-69.48768632,-20.68659242,146.1378449,178.2603073,-23.74399463,-15.99989545
9.375,-20.27883767,-31.41340633,-69.86179446,-20.82758179,132.9356082,172.6973346,-34.48945994,-21.45653991
12.5,-21.37624609,-30.8918684,-70.49557821,-21.06762639,117.7887388,163.4225068,-46.65519062,-28.37482929
16.66666667,-23.12259668,-30.77449007,-71.61134132,-21.47618365,100.9295104,150.3103526,-61.08052388,-37.21464083
21.42857143,-25.26956355,-31.18817486,-73.13016981,-22.04610511,85.65970708,136.3932032,-74.91304572,-46.70250819
28.57142857,-28.45677324,-32.36789765,-75.46812228,-23.0516374,68.80480117,118.9225241,-91.10703437,-59.6075984
37.5,-32.12085329,-34.18251202,-78.3429508,-24.46047078,54.48980112,102.1141968,-106.4930698,-73.52488814
50,-36.58616187,-36.78041433,-82.09157701,-26.53104885,41.61994643,85.00558863,-121.4877652,-89.3573321
66.66666667,-41.61364607,-39.99088121,-86.57521822,-29.22740449,31.10070284,69.23912671,-134.7789463,-105.3141972
87.5,-46.99053686,-43.50674594,-91.6062916,-32.29628371,22.97743628,55.98418096,-145.1643399,-119.558517
116.6666667,-53.84705505,-47.63910622,-98.23523,-35.95303997,15.59029663,43.99787769,-155.0009385,-132.9839146
150,-62.4397326,-51.51429032,-106.6188822,-39.33593632,8.29057803,35.32514747,-165.2240314,-143.0272874
200,-77.6581603,-56.16581829,-121.7500773,-43.21540766,-144.726201,27.36985797,37.3913171,-152.5723225
电压,311,,,,,,,
1,-22.32631707,-34.40549179,-66.06263469,-22.40565408,179.3458059,179.9652828,47.07288643,-1.317575432
1.315789474,-22.18778168,-34.39524185,-74.89765516,-22.40233353,178.6906364,-179.8509579,7.776348052,-2.350793009
1.754385965,-21.99221056,-34.38335707,-72.67636776,-22.38303139,177.3262195,-179.6624485,-9.043506342,-3.468932621
2.325581395,-21.76191772,-34.34067719,-72.34686326,-22.37850684,174.951026,-179.3981437,-0.4125791,-4.813306087
3.03030303,-21.54738174,-34.24485319,-71.51253224,-22.38228668,171.4510427,-179.0679017,-4.9458539,-6.477316904
4,-21.37817257,-34.04039523,-71.39716775,-22.40176924,166.1843824,-178.8454514,-7.134280543,-8.708415683
5.357142857,-21.32655754,-33.66098752,-71.40319495,-22.44386432,158.667496,-179.2508662,-13.39708157,-11.78713206
6.976744186,-21.4496218,-33.15560306,-71.26315223,-22.51146223,149.925135,179.0421034,-19.89367197,-15.40144191
9.375,-21.86720027,-32.46275361,-71.45659956,-22.64517021,137.6539859,174.4416719,-29.74300093,-20.65750041
12.5,-22.7016116,-31.83384179,-71.81856222,-22.87256218,122.9351098,166.0853836,-41.48018947,-27.32253501
16.66666667,-24.1657409,-31.5426082,-72.65137759,-23.25938232,105.7050094,153.4100979,-56.31216294,-35.84419162
21.42857143,-26.12150484,-31.81185628,-73.98444018,-23.79874014,89.47156989,139.3627969,-71.09989194,-45.00089347
28.57142857,-29.20904461,-32.88881377,-76.22099788,-24.74983769,71.22304431,121.4755641,-88.67774477,-57.48229565
37.5,-32.88418984,-34.65610636,-79.1074746,-26.08213881,55.79003264,104.4001089,-105.2012723,-70.99742083
50,-37.42446144,-37.20841304,-82.93054937,-28.04196019,42.15842003,87.25314799,-120.9624062,-86.48439852
66.66666667,-42.56475257,-40.34900829,-87.52637369,-30.60227674,31.2298371,71.5296635,-134.6696787,-102.2775792
87.5,-48.10411553,-43.78072091,-92.72080784,-33.53248815,22.89049785,58.21515354,-145.2202979,-116.5884574
116.6666667,-55.3237039,-47.82442125,-99.71586391,-37.04673426,15.24565743,45.9932655,-155.2821121,-130.2933531
150,-65.05541823,-51.63520574,-109.2106374,-40.31350678,6.713056895,37.00021407,-167.013724,-140.6856429
200,-72.50345236,-56.23318395,-116.5649591,-44.06490073,-157.2744041,28.61454376,26.36192277,-150.6584016
电压,342.1,,,,,,,
1,-24.00390901,-35.22297356,-66.56024779,-24.061474,179.4227327,179.9667142,50.78469081,-1.196151415
1.315789474,-23.87803156,-35.21407133,-77.20365475,-24.06204568,178.8382569,-179.8708137,10.32272038,-2.259924487
1.754385965,-23.70043296,-35.20419236,-74.47770854,-24.04148209,177.6167544,-179.7052706,-10.71277018,-3.354742799
2.325581395,-23.49019605,-35.16799651,-74.16377682,-24.03661074,175.4930287,-179.4713196,0.506299936,-4.65107801
3.03030303,-23.29082488,-35.08641942,-73.21741239,-24.03946507,172.3699665,-179.168967,-4.19412716,-6.265913038
4,-23.12333333,-34.91059201,-73.12064231,-24.05808679,167.6709611,-178.9258186,-5.458802498,-8.426821092
5.357142857,-23.04267859,-34.57627909,-73.13575578,-24.09853362,160.9357582,-179.1475252,-11.04578252,-11.4102021
6.976744186,-23.09688386,-34.11112447,-72.90242066,-24.16325905,153.0162769,179.570021,-16.7337756,-14.91115773
9.375,-23.37100715,-33.42593564,-72.96739462,-24.29154555,141.6633022,175.7766008,-25.70071294,-20.0019803
12.5,-23.98847942,-32.72441159,-73.10254536,-24.50942082,127.5660324,168.3373331,-36.81852494,-26.45690096
16.66666667,-25.18607347,-32.27806555,-73.66840221,-24.87972789,110.2982221,156.2476966,-51.72838146,-34.71174401
21.42857143,-26.93453404,-32.39718966,-74.799934,-25.39558281,93.32916773,142.169711,-67.23937649,-43.58639281
28.57142857,-29.89554711,-33.36189282,-76.90794328,-26.30417233,73.76005953,123.8333525,-86.12908672,-55.69748338
37.5,-33.56785319,-35.08795679,-79.79239368,-27.5753161,57.17775331,106.4033015,-103.8213172,-68.84354777
50,-38.17888236,-37.61292396,-83.68569511,-29.44334103,42.74777588,89.17687546,-120.3858765,-83.98207122
66.66666667,-43.43237972,-40.70285347,-88.39407975,-31.88519047,31.39004963,73.53190939,-134.5295888,-99.5599137
87.5,-49.13967558,-44.06284754,-93.75735061,-34.68797254,22.82075103,60.23776358,-145.2574334,-113.8568037
116.6666667,-56.75792106,-48.02328729,-101.1547613,-38.06464358,14.87257184,47.87564614,-155.5825439,-127.7526895
150,-68.00104592,-51.76963189,-112.1156,-41.21564277,4.296289688,38.63307523,-169.7412286,-138.4331712
200,-69.69467486,-56.31155314,-113.766843,-44.83833252,-161.3863358,29.87763654,22.74736589,-148.7890967
有功,Idc=0.0090,,,,,,,
无功,Iq=8.0000,,,,,,,
电压,279.9,,,,,,,
1,-20.46923205,-30.97286468,-63.78742827,-20.5694416,179.2459577,179.9875759,48.44230431,-1.373945659
1.315789474,-20.31517329,-30.96287427,-73.23618534,-20.56734835,178.5018384,-179.8321598,8.268744425,-2.455971521
1.754385965,-20.09767561,-30.94768653,-70.80035453,-20.54775347,176.9570774,-179.6235973,-10.05759547,-3.616503639
2.325581395,-19.84337678,-30.89635213,-70.45888185,-20.54359144,174.2635349,-179.323688,-1.031924209,-5.008889968
3.03030303,-19.61223958,-30.78166584,-69.56353329,-20.54787888,170.2858367,-178.9711281,-6.126522183,-6.734609292
4,-19.44650905,-30.54093641,-69.46544733,-20.56861567,164.3046707,-178.8026918,-8.93651397,-9.04889098
5.357142857,-19.44279832,-30.10922712,-69.52737497,-20.61303585,155.829683,-179.4943507,-16.24664111,-12.24380551
6.976744186,-19.66727061,-29.56724177,-69.48322485,-20.68420632,146.1374734,178.2214965,-23.64114103,-15.99517149
9.375,-20.27892122,-28.89161352,-69.87338652,-20.8250023,132.9352949,172.664056,-34.4809544,-21.45121934
12.5,-21.37635533,-28.37078376,-70.49636537,-21.06463681,117.7886087,163.3991765,-46.59909343,-28.36909212
16.66666667,-23.12271152,-28.25263871,-71.60480685,-21.47271917,100.9296717,150.2973823,-61.06588707,-37.20982641
21.42857143,-25.26965815,-28.66419869,-73.13555616,-22.04225463,85.66011302,136.3853051,-74.93413755,-46.69953037
28.57142857,-28.45682556,-29.83976598,-75.4724962,-23.04734563,68.80533883,118.9093952,-91.08025667,-59.60811218
37.5,-32.12086749,-31.64912689,-78.34579081,-24.45589431,54.49029366,102.0783587,-106.5283605,-73.53017295
50,-36.58615246,-34.24087226,-82.09308143,-26.52628982,41.62029372,84.92058811,-121.5315126,-89.3686255
66.66666667,-41.61362971,-37.44553452,-86.57514829,-29.22257273,31.10090619,69.07539319,-134.83573,-105.3325872
87.5,-46.99052189,-40.95678719,-91.60840017,-32.29145701,22.97754143,55.71734994,-145.0889814,-119.5846132
116.6666667,-53.84704408,-45.08520392,-98.24164894,-35.94831248,15.59034342,43.58872374,-154.8859652,-133.0197155
150,-62.43972601,-48.95736161,-106.5998252,-39.33137327,8.290608558,34.7582779,-165.4367071,-143.0729177
200,-77.65815668,-53.60520345,-121.7269668,-43.21116856,-144.7261581,26.57327539,36.34822991,-152.6294576
电压,311,,,,,,,
1,-22.32633487,-31.87856787,-64.28946993,-22.3998313,179.3453107,179.9857253,52.41968128,-1.226553282
1.315789474,-22.18777102,-31.87007395,-75.86532437,-22.40241113,178.6905293,-179.8570428,11.51775157,-2.344892598
1.754385965,-21.99220935,-31.85772267,-72.80093757,-22.38127194,177.3261496,-179.6766944,-12.05946382,-3.476718026
2.325581395,-21.7619189,-31.81516318,-72.48428169,-22.37665061,174.9508704,-179.4144114,0.107688668,-4.81048581
3.03030303,-21.54738941,-31.71957025,-71.45239954,-22.37975286,171.4508491,-179.0907277,-5.158981994,-6.476057072
4,-21.37818652,-31.51597276,-71.37153201,-22.39932676,166.1841221,-178.8741977,-6.829669594,-8.70459163
5.357142857,-21.32658377,-31.13801909,-71.43108459,-22.4415249,158.6671771,-179.2852599,-13.31214664,-11.78309091
6.976744186,-21.44966712,-30.63419836,-71.25637904,-22.50885937,149.9247777,179.0059987,-19.77015737,-15.39623543
9.375,-21.86727368,-29.94308942,-71.47032202,-22.64238302,137.6536547,174.4090755,-29.72521517,-20.6514348
12.5,-22.70171375,-29.31511007,-71.8185545,-22.86930998,122.9349242,166.0613309,-41.41469743,-27.31562032
16.66666667,-24.16585579,-29.02346823,-72.64381818,-23.25554799,105.7051057,153.3963414,-56.2999157,-35.83797132
21.42857143,-26.12160418,-29.29093583,-73.99060466,-23.79440528,89.47193644,139.3552574,-71.12063209,-44.99667188
28.57142857,-29.20910156,-30.36413337,-76.22557953,-24.74494461,71.22357797,121.4654285,-88.64730181,-57.48230067
37.5,-32.88420611,-32.12653733,-79.11070938,-26.0769222,55.7905338,104.3711951,-105.2393794,-71.00318483
50,-37.4244524,-34.67304644,-82.93227487,-28.0365713,42.158774,87.18109743,-121.0105167,-86.49715033
66.66666667,-42.56473613,-37.80812713,-87.52631531,-30.59684887,31.23004329,71.38726724,-134.7330551,-102.298306
87.5,-48.10410045,-41.23539602,-92.72321856,-33.52710092,22.89060365,57.98014883,-145.1346486,-116.6176704
116.6666667,-55.32369284,-45.27518139,-99.72357584,-37.04149261,15.24570401,45.63032732,-155.1460083,-130.3331294
150,-65.05541188,-49.08280577,-109.1835994,-40.30848015,6.713089094,36.49561435,-167.2946881,-140.7359976
200,-72.50344895,-53.67668956,-116.5361851,-44.06027102,-157.2743776,27.9037832,25.81374106,-150.7208702
电压,342.1,,,,,,,
1,-24.00392995,-32.69866999,-64.6498595,-24.05464498,179.4221674,179.9848644,55.64696254,-1.086162278
1.315789474,-23.87801884,-32.69131609,-78.43864577,-24.06239231,178.8381525,-179.87608,15.76466867,-2.252854129
1.754385965,-23.70043103,-32.68101661,-74.61100415,-24.03960949,177.6167022,-179.7176962,-14.45939546,-3.364309447
2.325581395,-23.49019635,-32.64490878,-74.33175715,-24.03461844,175.4928863,-179.4854652,1.16802317,-4.647877943
3.03030303,-23.29083161,-32.56349853,-73.14479184,-24.03665842,172.3697925,-179.1888869,-4.459317159,-6.264706909
4,-23.12334509,-32.38836891,-73.08772477,-24.05540015,167.6707235,-178.9511419,-5.09371684,-8.422625203
5.357142857,-23.04270041,-32.05527448,-73.16912225,-24.09599536,160.9354638,-179.1784806,-10.93279577,-11.40586422
6.976744186,-23.09692244,-31.59150077,-72.8929839,-24.16043701,153.0159371,179.5365184,-16.58777082,-14.90549938
9.375,-23.37107161,-30.90798711,-72.98343204,-24.28855655,141.662965,175.7449894,-25.67197869,-19.99523675
12.5,-23.9885739,-30.20754175,-73.10157388,-24.50592479,127.5658049,168.3128556,-36.74293698,-26.44884922
16.66666667,-25.18618675,-29.76108628,-73.65975059,-24.87554965,110.2982566,156.2331397,-51.7192773,-34.70401946
21.42857143,-26.9346372,-29.87873978,-74.80692121,-25.39077439,93.32949017,142.1621541,-67.25922771,-43.58069192
28.57142857,-29.89560876,-30.8400389,-76.91267882,-26.29865858,73.76058565,123.8253545,-86.09478397,-55.69676175
37.5,-33.56787171,-32.56153046,-79.79604624,-27.56942932,57.17826233,106.3798259,-103.8620203,-68.84970946
50,-38.17887377,-35.08099976,-83.68765887,-29.43729831,42.74813648,89.11528401,-120.4382554,-83.99630517
66.66666667,-43.43236322,-38.16565112,-88.39404233,-31.879153,31.39025864,73.40687977,-134.5996429,-99.58303297
87.5,-49.13966039,-41.52133945,-93.76007682,-34.68201944,22.82085755,60.02869948,-145.1609491,-113.8891756
116.6666667,-56.75790989,-45.4778957,-101.1639877,-38.05888959,14.87261805,47.55036832,-155.4222174,-127.7964409
150,-68.00103991,-49.22098959,-112.0750189,-41.21016012,4.296323998,38.17919954,-170.1209648,-138.4881895
200,-69.6946712,-53.75852611,-113.7423138,-44.833325,-161.3863152,29.23678179,22.35929842,-148.8567362
无功,Iq=10.0000,,,,,,,
电压,279.9,,,,,,,
1,-20.46924862,-29.01590632,-62.3850014,-20.56453281,179.2454839,-179.9987094,52.53411895,-1.300194163
1.315789474,-20.31516348,-29.00710836,-74.02594802,-20.56720454,178.5017238,-179.8364501,11.34308986,-2.451129672
1.754385965,-20.0976749,-28.99161288,-70.89589601,-20.54611881,176.9569917,-179.633496,-12.49174959,-3.622678874
2.325581395,-19.84337879,-28.94037962,-70.57002728,-20.54188025,174.2633619,-179.335059,-0.622581713,-5.006419372
3.03030303,-19.6122487,-28.82588945,-69.51494672,-20.54561366,170.2856193,-178.9869964,-6.290553188,-6.733310595
4,-19.44652607,-28.58580746,-69.44611488,-20.56641452,164.3043826,-178.8224267,-8.688428755,-9.045420952
5.357142857,-19.44283035,-28.1551455,-69.55034403,-20.6108952,155.829337,-179.5173117,-16.18578986,-12.24006979
6.976744186,-19.66732448,-27.61421271,-69.47873773,-20.68182082,146.1371016,178.1982846,-23.53839343,-15.99045019
9.375,-20.27900474,-26.93963727,-69.88499386,-20.82242351,132.9349818,172.6441442,-34.47242611,-21.44590202
12.5,-21.37646456,-26.41923678,-70.49714427,-21.0616482,117.7884786,163.3852439,-46.54298618,-28.36335897
16.66666667,-23.12282637,-26.30063413,-71.59827672,-21.46925605,100.929833,150.2897122,-61.05127228,-37.20501576
21.42857143,-25.26975275,-26.71091745,-73.14094467,-22.03840586,85.66051904,136.3807235,-74.95525554,-46.69655489
28.57142857,-28.45687788,-27.88399006,-75.47687042,-23.04305598,68.80587645,118.9017073,-91.05345205,-59.60862501
37.5,-32.12088169,-29.69020555,-78.34862845,-24.45132014,54.49078634,102.057093,-106.5636742,-73.53545182
50,-36.58614306,-32.27827149,-82.09458103,-26.521533,41.6206412,84.86999725,-121.5752751,-89.37990639
66.66666667,-41.61361337,-35.47945735,-86.57506983,-29.21774271,31.10110984,68.97796308,-134.8925125,-105.3509568
87.5,-46.99050691,-38.98791709,-91.61049421,-32.28663116,22.97764628,55.55869745,-145.0135865,-119.6106804
116.6666667,-53.84703309,-43.11387541,-98.24803755,-35.94358416,15.59038997,43.34565161,-154.7708223,-133.0554776
150,-62.4397195,-46.98404697,-106.580691,-39.32680709,8.2906397,34.42173389,-165.6484497,-143.1185002
200,-77.6581532,-51.62931283,-121.7010628,-43.20692289,-144.7261143,26.10073159,35.31101062,-152.686537
电压,311,,,,,,,
1,-22.32635454,-29.9235259,-62.77394505,-22.39399054,179.3447691,179.9978167,56.07835204,-1.135653465
1.315789474,-22.18775914,-29.91607316,-76.90161168,-22.40248863,178.6904193,-179.8606833,16.23201019,-2.338992094
1.754385965,-21.99220785,-29.90344517,-72.90226265,-22.37951269,177.326084,-179.6851894,-15.15495997,-3.484500252
2.325581395,-21.76191985,-29.86095755,-72.62315775,-22.37479474,174.9507141,-179.4241267,0.644771899,-4.807666744
3.03030303,-21.54739718,-29.76550279,-71.39256261,-22.37721977,171.4506558,-179.1043578,-5.369186353,-6.474797974
4,-21.37820051,-29.56241837,-71.3457284,-22.39688494,166.1838614,-178.8913721,-6.526857585,-8.700769741
5.357142857,-21.32660995,-29.1853327,-71.45904476,-22.43918605,158.666858,-179.3058207,-13.2266639,-11.77905195
6.976744186,-21.44971244,-28.6824478,-71.24957085,-22.50625722,149.9244202,178.9843985,-19.64683588,-15.39103212
9.375,-21.86734706,-27.99238368,-71.48406534,-22.63959662,137.6533236,174.3895617,-29.70737308,-20.64537317
12.5,-22.70181589,-27.3649683,-71.81853543,-22.86605889,122.9347385,166.046948,-41.34920565,-27.30871091
16.66666667,-24.16597069,-27.07308493,-72.63626495,-23.25171529,105.705202,153.3881824,-56.28768978,-35.83175647
21.42857143,-26.12170351,-27.33948232,-73.99677237,-23.79007257,89.47230306,139.3508815,-71.1414017,-44.9924542
28.57142857,-29.20915849,-28.41041955,-76.23016113,-24.7400543,71.2241116,121.4595287,-88.61682674,-57.48230517
37.5,-32.88422238,-30.16989307,-79.11394151,-26.07170859,55.79103504,104.3540538,-105.2775148,-71.00894148
50,-37.42444338,-32.71293561,-82.93399457,-28.03118524,42.1591281,87.13819094,-121.0586463,-86.50988615
66.66666667,-42.56471971,-35.84471543,-87.52624631,-30.59142319,31.23024963,71.30246323,-134.7964305,-102.319007
87.5,-48.10408535,-39.26930111,-92.72561053,-33.52171474,22.89070917,57.84029497,-145.0489519,-116.6468473
116.6666667,-55.32368175,-43.30666769,-99.73124547,-37.03624991,15.24575033,45.41451888,-155.0096635,-130.372858
150,-65.05540562,-47.11226364,-109.1564384,-40.30344972,6.713122022,36.19578065,-167.5739036,-140.7862942
200,-72.50344566,-51.7034052,-116.5067193,-44.05563345,-157.2743494,27.48181669,25.26922455,-150.7832724
电压,342.1,,,,,,,
1,-24.00395296,-30.74519259,-63.04997527,-24.0477894,179.4215509,179.9955925,58.89062663,-0.976346491
1.315789474,-23.87800479,-30.73875624,-79.75483912,-24.06273882,178.8380451,-179.8792331,23.07334124,-2.245783219
1.754385965,-23.70042879,-30.72820744,-74.70765505,-24.03773705,177.6166548,-179.7251076,-18.30667789,-3.373871944
2.325581395,-23.49019641,-30.69215224,-74.50182162,-24.03262657,175.4927432,-179.4939172,1.85600821,-4.644679351
3.03030303,-23.29083845,-30.61084197,-73.072592,-24.03385267,172.369619,-179.2007865,-4.720122013,-6.263501557
4,-23.12335688,-30.43612853,-73.05458286,-24.05271429,167.6704854,-178.9662767,-4.731397607,-8.418431921
5.357142857,-23.04272217,-30.10376157,-73.20258319,-24.09345779,160.9351692,-179.1969912,-10.81893646,-11.40152889
6.976744186,-23.09696102,-29.64081422,-72.88350118,-24.15761581,153.015597,179.5164703,-16.44208385,-14.89984475
9.375,-23.37113604,-28.95830577,-72.9994969,-24.28556846,141.6626277,175.7260584,-25.64313807,-19.98849792
12.5,-23.98866838,-28.25851193,-73.10058739,-24.50243001,127.5655773,168.2982046,-36.66736611,-26.44080409
16.66666667,-25.18630004,-27.81199524,-73.65110736,-24.87137329,110.298291,156.2244838,-51.71019122,-34.69630236
21.42857143,-26.93474035,-27.92876494,-74.81391298,-25.38596859,93.32981267,142.1577574,-67.27911092,-43.57499706
28.57142857,-29.89567038,-28.88801528,-76.91741382,-26.29314833,73.76111171,123.8207329,-86.06044388,-55.69604047
37.5,-33.56789023,-30.60676276,-79.79969593,-27.56354637,57.17877141,106.365929,-103.9027575,-68.85586229
50,-38.17886518,-33.12294284,-83.68961581,-29.43125917,42.74849724,89.07859326,-120.4906578,-84.01051911
66.66666667,-43.43234673,-36.20443599,-88.39399192,-31.87311824,31.39046792,73.33236765,-134.669696,-99.60612016
87.5,-49.13964518,-39.5575301,-93.76277923,-34.67606759,22.82096361,59.90419086,-145.0644046,-113.9215033
116.6666667,-56.75789871,-43.51170267,-101.1731558,-38.05313432,14.87266404,47.35680992,-155.2615516,-127.8401345
150,-68.00103404,-47.25274129,-112.0342502,-41.20467292,4.296359551,37.90931208,-170.4971606,-138.5431386
200,-69.69466768,-51.78741858,-113.7174586,-44.82830827,-161.3862931,28.85606395,21.97343167,-148.9242978
无功,Iq=12.0000,,,,,,,
电压,279.9,,,,,,,
1,-20.46926686,-27.41980205,-61.14940624,-20.55961243,179.2449685,-179.9896913,55.55300119,-1.226526261
1.315789474,-20.31515258,-27.41179017,-74.86144939,-20.56706066,178.5016067,-179.8393066,15.0508373,-2.446287995
1.754385965,-20.09767395,-27.39609177,-70.97632562,-20.54448434,176.9569098,-179.6400638,-14.97574948,-3.628851759
2.325581395,-19.8433806,-27.34492569,-70.68215244,-20.54016938,174.2631883,-179.3426162,-0.202580962,-5.003949755
3.03030303,-19.61225791,-27.23056604,-69.46656047,-20.54334903,170.2854022,-178.9975413,-6.452762867,-6.732012572
4,-19.44654312,-26.99091377,-69.42666363,-20.56421389,164.304094,-178.8355489,-8.441449089,-9.041952696
5.357142857,-19.44286234,-26.56094791,-69.5733641,-20.60875503,155.8289909,-179.5325895,-16.12461564,-12.23633594
6.976744186,-19.66737835,-26.02071678,-69.47422504,-20.67943592,146.1367296,178.1828277,-23.43575236,-15.98573152
9.375,-20.27908824,-25.34684576,-69.89661653,-20.81984542,132.9346686,172.6308806,-34.46387497,-21.44058795
12.5,-21.37657377,-24.82673552,-70.4979149,-21.05866055,117.7883483,163.375986,-46.48686899,-28.35762986
16.66666667,-23.12294123,-24.70782881,-71.59175094,-21.46579428,100.9299942,150.2846781,-61.03667947,-37.20020886
21.42857143,-25.26984733,-25.11725717,-73.14633533,-22.03455881,85.66092512,136.3777905,-74.97639975,-46.69358174
28.57142857,-28.45693018,-26.28866037,-75.48124494,-23.03876844,68.80641403,118.8967217,-91.02662046,-59.60913688
37.5,-32.12089589,-28.09277735,-78.35146372,-24.44674827,54.49127913,102.0430559,-106.5990109,-73.54072479
50,-36.58613366,-30.67839506,-82.09607583,-26.51677838,41.62098871,84.83645112,-121.6190528,-89.39117478
66.66666667,-41.61359703,-33.87726735,-86.57498284,-29.21291443,31.10131355,68.9133325,-134.949294,-105.3693061
87.5,-46.99049191,-37.383857,-91.61257369,-32.28180614,22.97775097,55.45350335,-144.9381554,-119.6367189
116.6666667,-53.84702206,-41.50814122,-98.25439572,-35.93885501,15.59043616,43.18457898,-154.6555105,-133.0912009
150,-62.43971306,-45.37692129,-106.561481,-39.32223781,8.290671503,34.19883246,-165.8592589,-143.1640349
200,-77.65814988,-50.02032392,-121.6724156,-43.20267069,-144.7260621,25.78794193,34.28029143,-152.7435608
电压,311,,,,,,,
1,-22.32637607,-28.32869493,-61.46194316,-22.38813189,179.3441811,-179.9942406,58.71957619,-1.044876194
1.315789474,-22.18774607,-28.321928,-77.99252781,-22.40256602,178.6903066,-179.8631089,22.2587742,-2.333091497
1.754385965,-21.99220608,-28.30911768,-72.97860586,-22.37775363,177.3260227,-179.6908266,-18.3144872,-3.492279299
2.325581395,-21.76192058,-28.26667787,-72.76348919,-22.37293925,174.9505572,-179.4305859,1.199400139,-4.804848888
3.03030303,-21.54740504,-28.17131522,-71.33302061,-22.37468742,171.4504629,-179.1134179,-5.576521218,-6.473539607
4,-21.37821453,-27.96857138,-71.31976077,-22.39444375,166.1836001,-178.9027944,-6.225845399,-8.696950012
5.357142857,-21.32663608,-27.59206256,-71.48707569,-22.43684779,158.6665389,-179.3195037,-13.14062843,-11.77501519
6.976744186,-21.44975777,-27.0898013,-71.24272787,-22.50365577,149.9240625,178.970013,-19.52370816,-15.38583198
9.375,-21.86742042,-26.40043577,-71.49782957,-22.63681103,137.6529925,174.3765577,-29.68947441,-20.63931552
12.5,-22.70191803,-25.77340071,-71.81850501,-22.86280891,122.9345527,166.0373778,-41.2837143,-27.30180678
16.66666667,-24.16608561,-25.48135859,-72.6287179,-23.24788422,105.7052982,153.3828091,-56.27548512,-35.82554708
21.42857143,-26.12180283,-25.74703909,-74.00294332,-23.78574202,89.47266972,139.3480793,-71.16220084,-44.98824042
28.57142857,-29.2092154,-26.81646173,-76.23474268,-24.73516674,71.22464516,121.4557344,-88.58631959,-57.48230915
37.5,-32.88423865,-28.57397793,-79.11717099,-26.06649797,55.79153645,104.3427572,-105.3156784,-71.0146908
50,-37.42443435,-31.11471273,-82.93570847,-28.02580203,42.15948229,87.1097347,-121.1067948,-86.522606
66.66666667,-42.56470328,-34.24429653,-87.52616667,-30.5859997,31.23045619,71.24617862,-134.8598048,-102.3396821
87.5,-48.10407023,-37.66708878,-92.7279837,-33.5163296,22.89081445,57.74751141,-144.9632084,-116.6759882
116.6666667,-55.32367062,-41.70281673,-99.73887257,-37.03100617,15.24579613,45.27142982,-154.8730786,-130.4125387
150,-65.05539946,-45.50700823,-109.1291577,-40.2984155,6.713156215,35.99708201,-167.851374,-140.8365328
200,-72.50344248,-50.09620733,-116.4765764,-44.05098806,-157.2743194,27.2023595,24.72843129,-150.845608
电压,342.1,,,,,,,
1,-24.00397805,-29.15140153,-61.68251634,-24.04090739,179.4208832,-179.9973685,61.19500323,-0.866704448
1.315789474,-23.87798941,-29.14556893,-81.07807252,-24.06308519,178.8379345,-179.8813353,33.00006468,-2.238711759
1.754385965,-23.70042622,-29.13485603,-74.76509361,-24.03586477,177.6166122,-179.7300261,-22.22292399,-3.383430292
2.325581395,-23.49019623,-29.09883588,-74.67395338,-24.03063512,175.4925993,-179.4995381,2.571639421,-4.64148223
3.03030303,-23.29084541,-29.01759243,-73.00081187,-24.03104782,172.3694458,-179.2086981,-4.976639046,-6.262296981
4,-23.12336872,-28.84315527,-73.02122358,-24.05002921,167.6702467,-178.9763446,-4.37184218,-8.414241243
5.357142857,-23.04274389,-28.51127175,-73.2361388,-24.09092091,160.9348746,-179.2093112,-10.70419537,-11.39719611
6.976744186,-23.09699961,-28.04887494,-72.87397284,-24.15479543,153.0152566,179.5031172,-16.29671556,-14.89419383
9.375,-23.37120044,-27.36703817,-73.01558931,-24.28258129,141.6622905,175.7134398,-25.6141905,-19.98176381
12.5,-23.98876285,-26.66768298,-73.0995859,-24.49893648,127.5653496,168.2884463,-36.59181261,-26.43276555
16.66666667,-25.18641334,-26.22112884,-73.64247251,-24.86719884,110.2983255,156.2187661,-51.70112323,-34.68859269
21.42857143,-26.9348435,-26.3373068,-74.82090933,-25.38116541,93.33013522,142.1549337,-67.29902618,-43.56930821
28.57142857,-29.895732,-27.29518269,-76.92214827,-26.28764159,73.76163772,123.8177907,-86.02606637,-55.69531952
37.5,-33.56790874,-29.01209519,-79.80334277,-27.55766726,57.17928063,106.3567911,-103.943529,-68.86200629
50,-38.17885659,-31.52608442,-83.69156591,-29.42522362,42.74885815,89.05425848,-120.5430837,-84.02471308
66.66666667,-43.43233026,-34.6054769,-88.39392854,-31.86708619,31.39067732,73.28289261,-134.7397483,-99.62917533
87.5,-49.13962996,-37.95683943,-93.76545781,-34.670117,22.82106969,59.82154768,-144.9678003,-113.9537869
116.6666667,-56.7578875,-41.90940335,-101.182265,-38.04737779,14.87270961,47.22841141,-155.1005473,-127.8837705
150,-68.00102826,-45.64903071,-111.9933028,-41.19918118,4.296395958,37.73037511,-170.8698341,-138.5980184
200,-69.69466422,-50.18171055,-113.6922838,-44.82328236,-161.38627,28.60381401,21.58978152,-148.9917814
无功,Iq=14.0000,,,,,,,
电压,279.9,,,,,,,
1,-20.46928676,-26.07196657,-60.05161769,-20.55468049,179.2444115,-179.9833445,57.86024235,-1.152942055
1.315789474,-20.31514061,-26.06450952,-75.73670542,-20.56691671,178.5014872,-179.8413474,19.56725648,-2.44144649
1.754385965,-20.09767274,-26.04866788,-71.04075339,-20.54285008,176.9568318,-179.6447367,-17.50154741,-3.635022295
2.325581395,-19.84338222,-25.99754968,-70.79525854,-20.53845882,174.2630141,-179.3480037,0.228452866,-5.001481116
3.03030303,-19.61226721,-25.88328327,-69.41837385,-20.54108497,170.2851854,-179.0050574,-6.613178859,-6.730715225
4,-19.4465602,-25.64393691,-69.40709555,-20.56201378,164.3038049,-178.8449082,-8.195576707,-9.038486212
5.357142857,-19.44289429,-25.21446733,-69.59643533,-20.60661535,155.8286447,-179.5434941,-16.06311598,-12.23260394
6.976744186,-19.66743223,-24.67473811,-69.46968686,-20.67705161,146.1363575,178.1717862,-23.3332183,-15.9810155
9.375,-20.27917172,-24.00137305,-69.90825456,-20.81726802,132.9343555,172.6214029,-34.45530091,-21.43527711
12.5,-21.37668299,-23.48147379,-70.49867727,-21.05567387,117.788218,163.3693906,-46.43074194,-28.35190476
16.66666667,-23.12305609,-23.36235039,-71.5852295,-21.46233386,100.9301554,150.2811451,-61.02210859,-37.19540571
21.42857143,-25.2699419,-23.77116388,-73.15172815,-22.03071346,85.66133129,136.3757962,-74.99757021,-46.69061091
28.57142857,-28.45698246,-24.94136736,-75.48561974,-23.03448301,68.80695155,118.8932735,-90.99976187,-59.6096478
37.5,-32.12091009,-26.74398149,-78.35429659,-24.44217868,54.49177201,102.0331284,-106.6343707,-73.54599185
50,-36.58612426,-29.32785177,-82.09756581,-26.51202598,41.62133645,84.81258655,-121.6628453,-89.4024307
66.66666667,-41.6135807,-32.52507443,-86.57488732,-29.20808788,31.10151748,68.86731664,-135.0060742,-105.387635
87.5,-46.99047689,-36.030326,-91.61463861,-32.27698198,22.97785534,55.3786277,-144.8626885,-119.6627285
116.6666667,-53.84701098,-40.15339913,-98.26072327,-35.93412503,15.59048173,43.06998396,-154.5400304,-133.1268855
150,-62.43970668,-44.02115394,-106.5421966,-39.31766544,8.290703948,34.04031358,-166.069136,-143.2095218
200,-77.65814658,-48.66315652,-121.6410801,-43.19841196,-144.7260082,25.56560483,33.25666397,-152.8005288
电压,311,,,,,,,
1,-22.32639947,-26.98176687,-60.31017249,-22.38225543,179.3435467,-179.9886588,60.70818626,-0.954221674
1.315789474,-22.18773179,-26.97548341,-79.09767822,-22.40264331,178.6901911,-179.864843,30.02871839,-2.327190808
1.754385965,-21.99220402,-26.96254453,-73.02859449,-22.37599476,177.3259657,-179.6948372,-21.52034892,-3.500055169
2.325581395,-21.7619211,-26.92013883,-72.90527031,-22.37108413,174.9503995,-179.4351918,1.772338134,-4.80203224
3.03030303,-21.54741301,-26.82484215,-71.27377262,-22.37215579,171.4502702,-179.1198767,-5.781039611,-6.472281972
4,-21.37822858,-26.62234074,-71.29363299,-22.39200321,166.1833382,-178.9109423,-5.926633499,-8.693132443
5.357142857,-21.32666217,-26.24624308,-71.51517756,-22.43451011,158.6662197,-179.3292702,-13.05403523,-11.77098062
6.976744186,-21.44980311,-25.74442769,-71.23585025,-22.50105503,149.9237046,178.9597364,-19.40077492,-15.38063499
9.375,-21.86749375,-25.05556348,-71.51161478,-22.63402624,137.6526614,174.3672622,-29.67151889,-20.63326184
12.5,-22.70202016,-24.42880403,-71.81846324,-22.85956004,122.9343668,166.0305496,-41.21822355,-27.29490793
16.66666667,-24.16620054,-24.13665024,-72.621177,-23.24405478,105.7053943,153.3790227,-56.26330164,-35.81934313
21.42857143,-26.12190213,-24.4018151,-74.00911749,-23.78141361,89.47303647,139.3461735,-71.18302955,-44.98403054
28.57142857,-29.20927231,-25.47014779,-76.23932418,-24.73028192,71.2251787,121.4531385,-88.55578024,-57.48231262
37.5,-32.88425492,-27.22626057,-79.12039782,-26.06129035,55.79203794,104.3347854,-105.3538705,-71.0204328
50,-37.42442532,-29.76534737,-82.93741658,-28.02042166,42.15983667,87.08949141,-121.1549623,-86.53530992
66.66666667,-42.56468687,-32.89336572,-87.52607642,-30.58057841,31.23066291,71.20609019,-134.9231777,-102.3603315
87.5,-48.1040551,-36.31487635,-92.73033805,-33.5109455,22.89091944,57.68144152,-144.8774183,-116.7050931
116.6666667,-55.32365946,-40.3494229,-99.74645687,-37.02576141,15.24584155,45.16958672,-154.7362543,-130.4521717
150,-65.05539336,-44.15258718,-109.1017607,-40.29337751,6.713190568,35.85571859,-168.1271037,-140.8867132
200,-72.50343936,-48.74034473,-116.445772,-44.04633488,-157.2742884,27.00364126,24.1914194,-150.9078771
电压,342.1,,,,,,,
1,-24.0040052,-27.80521472,-60.49221303,-24.0339991,179.4201643,-179.9924299,62.91138101,-0.757236539
1.315789474,-23.8779727,-27.79980719,-82.22616068,-24.06343144,178.8378209,-179.8828393,46.24567782,-2.231639748
1.754385965,-23.70042335,-27.7889787,-74.78173009,-24.03399265,177.6165743,-179.733525,-26.17276102,-3.392984493
2.325581395,-23.4901958,-27.75298361,-74.84812634,-24.0286441,175.4924546,-179.5035472,3.316380071,-4.63828658
3.03030303,-23.29085247,-27.67178814,-72.92945028,-24.02824388,172.369273,-179.2143388,-5.228963121,-6.26109318
4,-23.12338059,-27.49754765,-72.98765382,-24.04734492,167.6700075,-178.9835272,-4.015046985,-8.410053167
5.357142857,-23.04276555,-27.16600862,-73.26978928,-24.08838471,160.9345799,-179.2181052,-10.58856315,-11.39286588
6.976744186,-23.0970382,-26.70400527,-72.86439921,-24.15197588,153.014916,179.4935782,-16.15166673,-14.88854661
9.375,-23.37126482,-26.02265015,-73.03170934,-24.27959502,141.6619532,175.7044179,-25.58513539,-19.97503442
12.5,-23.98885731,-25.32361223,-73.09856943,-24.49544421,127.5651217,168.2814764,-36.51627672,-26.4247336
16.66666667,-25.18652666,-24.87703412,-73.63384602,-24.86302627,110.2983598,156.2147228,-51.69207325,-34.68089044
21.42857143,-26.93494662,-24.99278673,-74.82791027,-25.37636484,93.33045781,142.1530063,-67.31897356,-43.56362538
28.57142857,-29.89579361,-25.94967228,-76.92688217,-26.28213834,73.76216367,123.8158048,-85.99165141,-55.69459892
37.5,-33.56792726,-27.66526746,-79.80698673,-27.55179198,57.17978993,106.3503616,-103.9843347,-68.86814148
50,-38.17884801,-30.17769129,-83.69350918,-29.41919166,42.74921923,89.03694993,-120.5955331,-84.03888713
66.66666667,-43.43231378,-33.2555865,-88.39385216,-31.86105685,31.39088696,73.2476438,-134.8097993,-99.65219854
87.5,-49.13961472,-36.6057128,-93.76811248,-34.66416769,22.82117535,59.76267757,-144.8711369,-113.9860265
116.6666667,-56.7578762,-40.55711991,-101.1913149,-38.04162001,14.87275444,47.13699202,-154.9392064,-127.9273489
150,-68.00102275,-44.29572051,-111.9521853,-41.19368495,4.296434115,37.60302814,-171.2390015,-138.652829
200,-69.69466083,-48.82693055,-113.6667957,-44.81824733,-161.3862456,28.42438608,21.2083634,-149.0591871
有功,Idc=0.0090
无功,Iq=16.0000
电压,279.90000000000003
1,-20.46930831518118,-24.905461661155293,-59.067232718593345,-20.549737054097903,179.24381298673137,-179.97866191821151,59.67550378260366,-1.079441645500328
1.315789474,-20.315127562305626,-24.898415311915212,-76.63612670788538,-20.56677269059118,178.5013652144773,-179.84287988868388,25.110391977014732,-2.4366051576479704
1.754385965,-20.09767129561611,-24.882467629029946,-71.0884380674015,-20.541216023355553,176.95675767023005,-179.6482289065422,-20.060177154151855,-3.6411904837518336
2.325581395,-19.843383634878613,-24.8313852895534,-70.90934551234835,-20.536748586197415,174.26283940784256,-179.35203917116914,0.6709095384340822,-4.999013454899556
3.03030303,-19.612276598996182,-24.717188946967767,-69.37038616305094,-20.538821508020092,170.28496884400934,-179.01068619002527,-6.77182824022484,-6.729418552136535
4,-19.44657729851912,-24.47807136510159,-69.38741261120629,-20.55981420055399,164.30351531291635,-178.85192244384768,-7.950813177018069,-9.035021497071517
5.357142857,-19.44292619250931,-24.048973573578078,-69.61955789673733,-20.604476162580188,155.82829847425702,-179.5516729311631,-16.00128846076495,-12.228873812607905
6.976744186,-19.66748610334097,-23.509621752150387,-69.46512328943012,-20.674667893448166,146.13598511109078,178.1634972172293,-23.230791721095688,-15.976302113257168
9.375,-20.279255179010164,-22.83663887695554,-69.91990799677977,-20.81469132932634,132.9340423408424,172.61428600179377,-34.44670380677208,-21.42996951972614
12.5,-21.37679219223513,-22.31690111877981,-70.4994313607859,-21.052688151112857,117.78808752375168,163.3644553775393,-46.37460514638213,-28.34618367997462
16.66666667,-23.123170972537473,-22.19761547884098,-71.57871239026132,-21.45887480320415,100.9303164746424,150.27854814983627,-61.007559580379954,-37.19060631136748
21.42857143,-25.270036468967547,-22.60596376216303,-73.15712312301382,-22.02686981960907,85.66173749661115,136.37438699026086,-75.01876698361495,-46.68764241315114
28.57142857,-28.45703472818752,-23.77526029455733,-75.48999483911257,-23.030199695920935,68.80748902463009,118.8907832995303,-90.9728762619986,-59.61015777787055
37.5,-32.12092428464477,-25.576742706174088,-78.35712708465242,-24.437611380828468,54.49226501399456,102.02576031747687,-106.66975354606129,-73.55125302071802
50,-36.58611485726382,-28.159302345691735,-82.09905096133735,-26.507275768967148,41.62168431775011,84.79474772228912,-121.70665278159669,-89.41367416238955
66.66666667,-41.61356437918588,-31.355290120868467,-86.5747832769833,-29.203263068784693,31.101721582890494,68.83287934511222,-135.06285311917907,-105.40594350506717
87.5,-46.99046185729681,-34.85953810614026,-91.61668893787942,-32.27215865711661,22.97795946686844,55.322601476316045,-144.78718576573502,-119.68870944691933
116.6666667,-53.84699989979646,-38.98169585231865,-98.26702006107996,-35.92939422775135,15.590527267854657,42.98427230416061,-154.4243822958761,-133.16253136278783
150,-62.43970038922825,-42.848665610210205,-106.52283919173415,-39.31308998715504,8.290737146236543,33.92179129288805,-166.278081289177,-143.25496104724107
200,-77.65814341056637,-47.489581503592575,-121.60711597069714,-43.19414673600272,-144.72595145567868,25.399434101201713,32.240705610314144,-152.85744097690713
电压,311
1,-22.326424741049877,-25.815941396762874,-59.286159101038066,-22.376361246013428,179.34286590020943,-179.984548202403,62.25602492938027,-0.8636901111995531
1.315789474,-22.187716308220086,-25.81001526043191,-80.12828682992966,-22.40272050014007,178.69007280028583,-179.86614608408374,39.984170271389615,-2.321290025786024
1.754385965,-21.99220168274508,-25.79698133740517,-73.05129888226237,-22.37423608594851,177.32591306446244,-179.6978340085362,-24.75317880401062,-3.5078278637593856
2.325581395,-21.761921395172298,-25.75460122674209,-73.04849155494334,-22.369229378625427,174.95024123856714,-179.43864255474568,2.364387340915335,-4.7992168012869225
3.03030303,-21.547421084758582,-25.65935422923809,-71.21481765102487,-22.369624907053485,171.45007786585074,-179.1247140980144,-5.982793420547708,-6.471025067151343
4,-21.37824266438992,-25.457034105269557,-71.26734884034369,-22.38956332087492,166.18307590550194,-178.91704903688034,-5.629221969356229,-8.689317031640352
5.357142857,-21.326688203425483,-25.081244348945376,-71.54335058876606,-22.43217301735359,158.66590043645223,-179.33659524366124,-12.966879264768055,-11.766948236909059
6.976744186,-21.44984845133463,-24.57976400657276,-71.22893820011636,-22.498454990514013,149.92334642405922,178.95202184134484,-19.278036787034253,-15.37544115523908
9.375,-21.867567055776963,-23.891278094278114,-71.52542103878822,-22.63124224783553,137.65233032214024,174.36027946536527,-29.653506243998223,-20.62721212054593
12.5,-22.70212228344986,-23.264728900887825,-71.81841012475093,-22.85631228944832,122.93418072147013,166.02543153141653,-41.15273358295479,-27.288014331065938
16.66666667,-24.166315473953432,-22.97249278055572,-72.61364226457371,-23.24022696961821,105.70549038645635,153.3762262052145,-56.25113932073015,-35.81314461315881
21.42857143,-26.12200143241202,-23.237267482477666,-74.01529490359248,-23.7770873597132,89.47340325117297,139.34482667240897,-71.20388790477841,-44.97982455978945
28.57142857,-29.20932919660657,-24.304774960409,-76.24390562605417,-24.725399860723087,71.22571217127417,121.45128969659278,-88.52520873565011,-57.48231556741839
37.5,-32.884271180087,-26.059829555266013,-79.12362197827174,-26.056085718290692,55.79253952581305,104.32888495570343,-105.39209091202189,-71.02616749086798
50,-37.42441629418075,-28.597679644296754,-82.9391188827679,-28.015044119469742,42.16019119682933,87.07436193476153,-121.2031485634644,-86.54799793225416
66.66666667,-42.564670468565154,-31.724526308266988,-87.52597553310865,-30.575159299394443,31.2308698764699,71.17608057309286,-134.98654917968173,-102.38095518202988
87.5,-48.10403994943297,-35.14507663059631,-92.73267354308153,-33.50556245431457,22.891024206501108,57.63198772940614,-144.791581875222,-116.73416206803633
116.6666667,-55.32364825585852,-39.178732421130235,-99.75399812244572,-37.02051563219343,15.245886540396889,45.093388235872986,-154.5991917561155,-130.49175706927795
150,-65.05538740376639,-42.981114128689796,-109.07425058829497,-40.28833576389164,6.71322633261373,35.749990711655904,-168.40109475515965,-140.93683564964488
200,-72.50343638706016,-47.56776197859509,-116.4143217262752,-44.041673941523,-157.27425490734737,26.855080411260296,23.658245429143612,-150.97007949398284
电压,342.1
1,-24.004034434763636,-26.6399443536709,-59.440205336090024,-24.027064669974983,179.419394239084,-179.98880038229657,64.23715898952729,-0.6479431483857955
1.315789474,-23.87795466864345,-26.634850445212336,-82.8872645272765,-24.063777554992715,178.83770409563368,-179.88397011789178,62.63631094237455,-2.2245671854445885
1.754385965,-23.70042015875336,-26.623936645134272,-74.75709500504851,-24.032120682298995,177.61654120597566,-179.73613900607887,-30.118953273967556,-3.402534549423709
2.325581395,-23.490195133332954,-26.587960383708097,-75.02430384483901,-24.026653499936902,175.49230921329436,-179.50655130946038,4.091775463092218,-4.63509240133735
3.03030303,-23.29085964709182,-26.50680117469934,-72.85850589629909,-24.025440830587527,172.36910053254675,-179.2185639580196,-5.477186662414666,-6.259890152885946
4,-23.123392500052272,-26.33270772197252,-72.95388040081149,-24.04466140407825,167.66976759682842,-178.98891079001828,-3.6610077440770925,-8.405867690880093
5.357142857,-23.04278716459597,-26.001426599763565,-73.30353480446512,-24.085849205410593,160.9342850132469,-179.22470062115266,-10.472030304007589,-11.38853819867859
6.976744186,-23.097076804851685,-25.53971876944154,-72.85478065404288,-24.149157164172223,153.0145752340265,179.48641772629074,-16.006938166025183,-14.882903105477364
9.375,-23.371329175234607,-24.858726759058023,-73.04785707700806,-24.27660965471517,141.66161599550801,175.69763961720213,-25.555972148787355,-19.96830973053243
12.5,-23.988951774609678,-24.15993033851327,-73.09753798612925,-24.491953197046353,127.56489379123023,168.27624596421308,-36.44075869467901,-26.41670822592136
16.66666667,-25.186639984011983,-23.71333664446148,-73.625227882692,-24.85885559352766,110.29839417354435,156.2117240728651,-51.68304121040349,-34.6731956017315
21.42857143,-26.935049744016112,-23.828767683778096,-74.83491578079061,-25.371566898756043,93.33078048346094,142.15163776715045,-67.33895311928448,-43.55794853366702
28.57142857,-29.89585519760449,-24.784902439368814,-76.93161550346639,-26.276638589395944,73.76268957423453,123.81441527104485,-85.95719895988266,-55.69387865311608
37.5,-33.56794576496397,-26.499503022501806,-79.81062780130702,-27.545920526124974,57.180299353491016,106.34562001997078,-104.02517449723544,-68.8742678634043
50,-38.17883942519149,-29.01075141779764,-83.69544559710943,-29.413163271156314,42.74958033341557,89.02401779417703,-120.64800598790364,-84.05304129312388
66.66666667,-43.43229731639765,-32.08752607326501,-88.39376281787574,-31.855030226701633,31.391096758822222,73.2212512998229,-134.8798489500172,-99.67518983397908
87.5,-49.13959946603213,-35.43672678231486,-93.77074322941459,-34.65821964836964,22.821280737659965,59.71860034587613,-144.77441467781168,-114.01822204775567
116.6666667,-56.75786489767716,-39.38726330059276,-101.20030523207916,-38.03586100052827,14.872799071344788,47.06857357465945,-154.77753019289437,-127.97086964482962
150,-68.00101728136292,-43.1250845432171,-111.91090608349889,-41.18818423020973,4.296472952261106,37.50775854287666,-171.6046834614427,-138.70757048000922
200,-69.69465757565202,-47.655169619452515,-113.64100078358989,-44.81320319738474,-161.3862200223526,28.290214270698222,20.82919050079998,-149.12651477926116
无功,Iq=18.0000
电压,279.90000000000003
1,-20.469331533528596,-23.87723262843481,-58.17679503699046,-20.544782157949175,179.24317286752984,-179.97508616554916,61.13826069251823,-1.0060251306897252
1.315789474,-20.315113434357144,-23.870501099267315,-77.5274981981054,-20.56662859788794,178.50124075618163,-179.84407427427186,31.928161929447747,-2.4317639977744814
1.754385965,-20.09766959966086,-23.85447212967208,-71.11881432494722,-20.539582168533265,176.95668737814526,-179.65093576451483,-22.641918045718686,-3.647356325933987
2.325581395,-19.84338485740636,-23.80341765899376,-71.0244118796376,-20.53503866495573,174.26266409682702,-179.35517540448032,1.1251943157428843,-4.9965467707557
3.03030303,-19.612286080641464,-23.689275967714018,-69.3225966938684,-20.536558625476452,170.28475254438362,-179.01505962319345,-6.928737672209362,-6.728122553247811
4,-19.446594426300084,-23.45033588544693,-69.36761675443616,-20.557615141988144,164.3032252784316,-178.85737675695566,-7.707159885174236,-9.031558551283661
5.357142857,-19.44295805224933,-23.021527064925166,-69.64273195623826,-20.60233745644918,155.82795217471522,-179.5580382405828,-15.939130567100834,-12.22514554260519
6.976744186,-19.667539983003763,-22.48246979574099,-69.4605344023966,-20.672284773164943,146.13561257458767,178.1570397732086,-23.128473117005665,-15.97159136540159
9.375,-20.27933861310069,-21.809786733447467,-69.93157687837476,-20.812115331983012,132.93372924365158,172.6087400517055,-34.43808359576229,-21.42466516153232
12.5,-21.376901390325536,-21.290177521321745,-70.50017717582803,-21.049703398455737,117.78795695908894,163.36062510450938,-46.31845871458598,-28.340466614271037
16.66666667,-23.123285861373958,-21.17076586802725,-71.57219961770228,-21.45541709503856,100.93047749473932,150.27657408118714,-60.99303241601192,-37.18581065484817
21.42857143,-25.270131022460227,-21.578748537758656,-73.16252024856865,-22.023027885767856,85.66214376371776,136.37336708429893,-75.03999011420555,-46.68467623205695
28.57142857,-28.45708698378161,-22.747332887299862,-75.49437022234714,-23.025918484280503,68.8080264683134,118.88893037131254,-90.94596357837703,-59.61066680362178
37.5,-32.120938476373425,-24.54793045827755,-78.35995517673499,-24.43304636916091,54.49275812635062,102.02009396504165,-106.70515936071251,-73.55650830262385
50,-36.586105463150425,-27.12947006863251,-82.10053129497433,-26.502527763721055,41.62203224917952,84.78091357339851,-121.75047524184721,-89.4249051854717
66.66666667,-41.613548059475534,-30.324499314582066,-86.57467069706426,-29.19843999319582,31.10192590261865,68.80613384516786,-135.11963045135496,-105.42423176294243
87.5,-46.990446810274236,-33.827967685177754,-91.61872465551127,-32.26733618881035,22.97806347119069,55.27909256747732,-144.71164766593085,-119.7146616414525
116.6666667,-53.84698876997974,-37.94941026273216,-98.27328596251147,-35.924662621563826,15.590572249244909,42.91773514621146,-154.30856708641926,-133.1981385932667
150,-62.43969419171794,-41.815760603650894,-106.503410076553,-39.30851147340021,8.29077113549205,33.8298139083663,-166.48609538797703,-143.30035254143215
200,-77.65814037149053,-46.455810293383706,-121.57058579291109,-43.189875039778165,-144.72589024655613,25.270526642746542,31.232962581920166,-152.91429740315917
电压,311
1,-22.326451876014552,-24.78824014755456,-58.36567969886178,-22.370449414420605,179.3421387366003,-179.9814163385084,63.4933437560427,-0.7732817066951537
1.315789474,-22.18769962571274,-24.782587402883557,-80.92846284534752,-22.402797584718765,178.68995170770702,-179.86716241029663,52.30859130193235,-2.315389151550143
1.754385965,-21.992199063516193,-24.76948074676868,-73.04628858414164,-22.372477603473584,177.3258647265225,-179.7001563444045,-27.992604966390882,-3.5155973852681246
2.325581395,-21.761921472972805,-24.72712055678905,-73.19313898437927,-22.367374999858548,174.9500822863556,-179.44132477080024,2.9763872346198057,-4.7964025698328365
3.03030303,-21.547429256684648,-24.631912417708953,-71.1561546602216,-22.36709475158431,171.44988582407274,-179.1284728038593,-6.1818334349485555,-6.469768892563644
4,-21.378256779758146,-24.42973291546277,-71.24091209477888,-22.387124072887726,166.1828130285062,-178.92179770974005,-5.333610489727967,-8.685503775951146
5.357142857,-21.326714192799045,-24.054182364103433,-71.57159496699508,-22.429836502182358,158.66558104711228,-179.34229554831384,-12.87915544113215,-11.762918047629308
6.976744186,-21.449893797467737,-23.552963325719123,-71.22199188501172,-22.49585565790825,149.92298806210206,178.94601239832917,-19.155494451033263,-15.37025047610281
9.375,-21.867640340696134,-22.864773809104303,-71.53924839831737,-22.62845905742929,137.65199924035687,174.35483615807874,-29.635436208572187,-20.621166367504003
12.5,-22.70222440326712,-22.238391356987997,-71.81834565609412,-22.853065647303406,122.93399457670498,166.02145193151648,-41.08724456404728,-27.281125996616456
16.66666667,-24.16643042265933,-21.946092413228925,-72.60611367006526,-23.236400781436576,105.7055864295951,153.37408850817607,-56.23899806867965,-35.80695152455829
21.42857143,-26.122100714321903,-22.21056048098431,-74.02147554395003,-23.772763250532986,89.47377010433789,139.34385181559674,-71.22477595072614,-44.97562246145431
28.57142857,-29.209386070850236,-23.277418918937485,-76.24848700582093,-24.720520541596084,71.22624558657486,121.44993793773627,-88.4946049932611,-57.48231800556347
37.5,-32.88428744064277,-25.031645024776857,-79.12684346073118,-26.050884071607125,55.7930412173055,104.3243622118463,-105.4303396795707,-71.03189488705947
50,-37.42440726972716,-27.568532053192033,-82.94081536663674,-28.009669414528027,42.16054583697736,87.06263221036696,-121.25135372242333,-86.5606700659439
66.66666667,-42.564654065337216,-30.694469378658347,-87.5258640207513,-30.569742384507585,31.231076939649867,71.15276871462329,-135.04991903915206,-102.4015531525192
87.5,-48.10402478362414,-34.11427429824771,-92.73499013936285,-33.50018046269901,22.891128744261696,57.593572179830105,-144.70569958230965,-116.76319518578612
116.6666667,-55.323637028976606,-38.14723547401528,-99.76149607233835,-37.0152688532159,15.245931279821034,45.03422018620869,-154.46189171544435,-130.53129479687678
150,-65.05538148050319,-41.949001996626805,-109.04663050220205,-40.28329029324476,6.7132620438047494,35.667921796280766,-168.67335306323784,-140.98690005171431
200,-72.50343350548964,-46.534770496391516,-116.38224085789297,-44.037005269249114,-157.274220068469,26.73980751747999,23.128956734044447,-151.03221528180796
电压,342.1
1,-24.004065735494407,-25.612674361411216,-58.49864156779583,-24.020104241852366,179.41857294267305,-179.98604197237563,65.29100615569052,-0.5388246520886673
1.315789474,-23.877935304870576,-25.60781992008639,-82.78637840276767,-24.06412354023987,178.83758421905623,-179.88485275832466,80.15304355152503,-2.217494073209986
1.754385965,-23.70041665183308,-25.5968409549114,-74.69188235849319,-24.030248876626462,177.61651286913838,-179.73816415489,-34.02446934990041,-3.4120804627457426
2.325581395,-23.49019422359938,-25.56087937628298,-75.20243707761738,-24.024663327766337,175.49216305683456,-179.50888671832752,4.899455779450351,-4.631899691137708
3.03030303,-23.290866937340947,-25.47974863199226,-72.78797724485544,-24.022638685206914,172.3689284255186,-179.22184699950205,-5.721399689083213,-6.258687899658253
4,-23.123404448217414,-25.30576921263401,-72.91991002820419,-24.04197867123799,167.6695271697129,-178.99309718152762,-3.309719366604555,-8.401684811615093
5.357142857,-23.042808724990927,-24.97468837104339,-73.33737556409037,-24.083314384581772,160.9339900310704,-179.22983274124442,-10.354587278186235,-11.384213057247639
6.976744186,-23.097115417822586,-24.513210879672037,-72.84511750818137,-24.14633927219572,153.0142341872029,179.48084051490991,-15.86253065248383,-14.877263298194947
9.375,-23.371393500576087,-23.83250306344436,-73.06403261404414,-24.273625202779566,141.6612787366229,175.69235483011656,-25.526700204412794,-19.961589745534056
12.5,-23.98904623027876,-23.13389770731157,-73.09649157920383,-24.488463432541373,127.56466572069117,168.2721736260655,-36.36525879843938,-26.408689425031636
16.66666667,-25.186753320997823,-22.687293988409998,-73.6166180725848,-24.854686807224198,110.2984284467042,156.20942074038902,-51.67402709746483,-34.6655081678177
21.42857143,-26.93515285019837,-22.80247253702058,-74.84192588418709,-25.366771565300557,93.33110319508934,142.1506413817648,-67.35896494483706,-43.552277679271434
28.57142857,-29.89591677629839,-23.758015933894274,-76.93634826989712,-26.27114232459148,73.76321542320355,123.8134225550114,-85.92270899720553,-55.69315872577109
37.5,-33.56796427184341,-25.471836676557572,-79.81426598252584,-27.540052893526624,57.180808852270204,106.34200137883074,-104.06604859056807,-68.88038546951293
50,-38.17883083703112,-27.98216913452037,-83.69737514804078,-29.407138459424928,42.749941691800956,89.01399594579306,-120.70050204877549,-84.06717560764108
66.66666667,-43.4322808548313,-31.05807418689606,-88.39366047567879,-31.849006311410662,31.391306735602864,73.2007457374084,-134.9498969899427,-99.69814928484467
87.5,-49.13958419514442,-34.406556898683846,-93.77334999082252,-34.65227288790008,22.821385865896293,59.68435294836635,-144.67763419125188,-114.05037371293615
116.6666667,-56.75785352711347,-38.35641551213491,-101.20923547477634,-38.0301007680116,14.872843095836767,47.01543447092876,-154.61551996181302,-128.0143329364606
150,-68.00101190987179,-42.09362576843725,-111.86947324452161,-41.18267906127357,4.296512323935537,37.433792017431266,-171.96689949734184,-138.76224276139368
200,-69.69465436417435,-46.62282310116801,-113.61490507683263,-44.80815001049143,-161.38619372278524,28.186086077810113,20.452276105215585,-149.1937643363586
无功,Iq=20.0000
电压,279.90000000000003
1,-20.46935641577102,-22.957944456948674,-57.36497323105189,-20.539815849399346,179.242491134486,-179.97228376529574,62.34064548724167,-0.9326926082100434
1.315789474,-20.31509822564113,-22.95146073492551,-78.35310000802895,-20.566484434287908,178.5011138261279,-179.84503238240754,40.24563900834781,-2.4269230103887325
1.754385965,-20.09766765654287,-22.935367785641944,-71.13151444593325,-20.53794851674498,176.95662095813782,-179.65309385567156,-25.236500495051615,-3.6535198228575076
2.325581395,-19.843385883646818,-22.884335603163724,-71.14045460801874,-20.533329060368658,174.26248819649476,-179.3576832529328,1.5917284263725564,-4.9940810631368855
3.03030303,-19.61229565125464,-22.770237798421235,-69.27500469204264,-20.53429632699702,170.28453650870017,-179.01855580618013,-7.083933303501883,-6.726827227818386
4,-19.446611580208824,-22.531439383759423,-69.34770992837532,-20.555416606275777,164.3029347718282,-178.86174092281757,-7.464618052692259,-9.028097372905819
5.357142857,-19.442989867141996,-22.102861670661568,-69.66595767882976,-20.600199236107144,155.82760580222524,-179.56313607360295,-15.876639818508721,-12.221419131688084
6.976744186,-19.667593866068373,-21.56404105448779,-69.45592028847298,-20.66990224701963,146.135239830327,178.15186256702893,-23.02626297876738,-15.96688325232189
9.375,-20.27942202401427,-20.89160021247627,-69.94326124528013,-20.80954003211202,132.9334161676852,172.60429231832458,-34.429440181182734,-21.419364036757056
12.5,-21.3770105789565,-20.372096494072757,-70.50091470458128,-21.046719609447386,117.7878262904059,163.35756726199008,-46.26230276207674,-28.334753557770117
16.66666667,-23.123400759082426,-20.252584142510912,-71.56569117097303,-21.45196073819768,100.93063846173219,150.27503543680606,-60.97852704148952,-37.18101873693028
21.42857143,-25.27022556728968,-20.660270810269278,-73.16791952913461,-22.019187656501288,85.66255011017141,136.37261929289392,-75.0612396097853,-46.6817123682716
28.57142857,-28.457139225205278,-21.828279101337856,-75.49874588175271,-23.021639377451542,68.80856385621325,118.887522749605,-90.91902381943432,-59.6111748826271
37.5,-32.12095266772103,-23.628164342269177,-78.3627808738419,-24.428483641537184,54.49325132470237,102.01561643182485,-106.74058822898066,-73.56175770798563
50,-36.58609606402056,-26.2088870266442,-82.10200678578487,-26.497781958112142,41.62238042947499,84.76987604328532,-121.79431247938396,-89.43612379007354
66.66666667,-41.613531749801965,-29.403151135140746,-86.57454959838896,-29.193618653663798,31.102130352554077,68.7847578849782,-135.1764062208931,-105.44249975449668
87.5,-46.99043174736641,-32.905997178506816,-91.62074573319143,-32.262514574690144,22.978167175649524,55.24431945587075,-144.6360743323269,-119.74058515816682
116.6666667,-53.84697761571405,-37.02686638187309,-98.2795207895802,-35.91993021545423,15.590616896457378,42.86457637457704,-154.1925851059759,-133.23370719803026
150,-62.439688073488746,-40.89271617735518,-106.48391065013973,-39.303929911843404,8.290805670139026,33.75635352343652,-166.69317879627508,-143.34569633202545
200,-77.65813738338012,-45.53206017807842,-121.53155583122006,-43.185596893600234,-144.72582480484337,25.167605473641856,30.233951088777808,-152.97109800331657
电压,311
1,-22.326480877110022,-23.869373782567244,-57.53046165179951,-22.364520021388387,179.34136518306278,-179.97896844389734,64.5041901344903,-0.6829966589916407
1.315789474,-22.187681734932934,-23.863935762633794,-81.30293087543845,-22.402874566380028,178.68982781510874,-179.86797831342247,66.452318336106,-2.309488185095784
1.754385965,-21.9921961643351,-23.850771974349986,-73.01365913058197,-22.37071931363976,177.32582070463366,-179.7020073032096,-31.218005741075977,-3.5233637348808737
2.325581395,-21.761921327743387,-23.80842773610281,-73.33919373903942,-22.36552099223652,174.94992264834502,-179.4434698706529,3.6092165266444205,-4.793589545238546
3.03030303,-21.547437529284043,-23.713250901643008,-71.09778254299059,-22.36456532802688,171.44969410100845,-179.13147760685763,-6.378209319402423,-6.468513447454226
4,-21.378270927612316,-23.511183600366333,-71.21432648745086,-22.38468546947668,166.18254963823082,-178.9255971796971,-5.039798335132713,-8.681692674345928
5.357142857,-21.32674013491743,-23.135824245356158,-71.59991090042357,-22.42750056850325,158.6652615655259,-179.346860162122,-12.790858606573153,-11.758890046094756
6.976744186,-21.449939149776945,-22.634814962096613,-71.21501149048596,-22.493257029815837,149.92262948652214,178.94119494397998,-19.033148561635493,-15.36506294756523
9.375,-21.8677135970726,-21.946864586964846,-71.55309691711028,-22.625676666990692,137.6516681691524,174.35046909781886,-29.617308509612215,-20.615124574210114
12.5,-22.70232651589193,-21.320618438473563,-71.81826983636662,-22.84982011569795,122.93380832693745,166.01826828127997,-41.021756652557166,-27.274242915863887
16.66666667,-24.166545382918827,-21.028270304432684,-72.59859121101012,-23.232576217639963,105.70568241162681,153.37241143310544,-56.226877866975755,-35.8007638567854
21.42857143,-26.122199990917537,-21.29249012361398,-74.02765942713596,-23.76844128527599,89.4741370164938,139.34313700806007,-71.2456937365619,-44.97142424393972
28.57142857,-29.20944293535709,-22.358822669120855,-76.25306831711356,-24.71564396386407,71.22677897177111,121.44893357133756,-88.46396899451418,-57.48231993063322
37.5,-32.884303697362014,-24.112380817257137,-79.13006226124986,-26.045685407576606,55.7935430338165,104.32080211457074,-105.46861675622311,-71.03761500142532
50,-37.42439824829607,-26.648496070798835,-82.94250603244173,-28.004297540510706,42.16090058043906,87.05327719235176,-121.29957763606821,-86.57332634862831
66.66666667,-42.5646376778688,-29.773707597038793,-87.52574189473103,-30.56432766090679,31.231284266533134,71.13413368680212,-135.11328713422932,-102.4221254815794
87.5,-48.10400961060644,-33.192917920748705,-92.7372878367008,-33.49479952983236,22.891233064988796,57.56286219838482,-144.61977172580563,-116.79219248535823
116.6666667,-55.323625747092144,-37.22532304800616,-99.7689505009913,-37.01002108272816,15.24597533946253,44.986937994973935,-154.32435545258198,-130.5707849490299
150,-65.05537569830649,-41.02659385908524,-109.0189038476745,-40.27824111273537,6.713299249731155,35.60236129436301,-168.9438813790006,-141.03690645827444
200,-72.50343073999221,-45.61164912167641,-116.34954516760456,-44.03232889624974,-157.27418306552693,26.647754887006673,22.6036010946495,-151.09428437710434
电压,342.1
1,-24.004099107865528,-24.694152695581412,-57.64706905620017,-24.01311795909368,179.4177004466663,-179.98389242377877,66.14826546351323,-0.42988142097764404
1.315789474,-23.877914611115308,-24.68948587684182,-81.97085207851258,-24.06446939521026,178.83746123240294,-179.88556185911347,95.86767467902769,-2.210420410337961
1.754385965,-23.700412832949944,-24.678455834279212,-74.58788590990082,-24.028377229569628,177.61648930658063,-179.73977769429814,-37.854521840180745,-3.4216222354550303
2.325581395,-23.490193072385885,-24.642506045499193,-75.38246327504113,-24.02267358081935,175.49201614269623,-179.51075471889803,5.741138295378414,-4.628708449152688
3.03030303,-23.290874338003036,-24.561398316376646,-72.7178627143717,-24.019837439098307,172.36875667629573,-179.2244715461664,-5.961689996734615,-6.257486419293949
4,-23.123416433925044,-24.387509867459215,-72.88574932653412,-24.03929671887959,167.669286169426,-178.99644670259352,-2.9611760256732724,-8.397504527188277
5.357142857,-23.042830229690594,-24.05658903776674,-73.37131172794834,-24.080780250029203,160.9336949304064,-179.23394191628623,-10.236224356586952,-11.379890456940041
6.976744186,-23.097154036745387,-23.59529631524689,-72.83541011717729,-24.14352220758346,153.01389291355395,179.4763702109029,-15.71844495944668,-14.87162718890122
9.375,-23.371457798083725,-22.914817520016694,-73.0802360345059,-24.27064165915962,141.66094148221723,175.68811434773153,-25.49731895500075,-19.954874458996855
12.5,-23.98914068257392,-22.216367943585986,-73.09543022453228,-24.484974919630208,127.56443752676832,168.26891106314653,-36.28977728278708,-26.400677187898257
16.66666667,-25.186866673111183,-21.769758080542346,-73.60801658112715,-24.850519908553107,110.29846267358441,156.20760365685604,-51.66503084177999,-34.65782812512693
21.42857143,-26.935255945128127,-21.884732436928118,-74.84894057848216,-25.361978841745568,93.33142597681461,142.14990516184972,-67.37900910108883,-43.5466128022494
28.57142857,-29.895978343365158,-22.839795936729267,-76.94108046076458,-26.26564954370017,73.76374123457835,123.81270724198647,-85.88818146218723,-55.69243913630966
37.5,-33.5679827707281,-24.55298695572612,-79.81790125698419,-27.53418907716042,57.181318526831376,106.33916750990069,-104.10695683370238,-68.88649431247252
50,-38.178822258225715,-27.06258488206879,-83.69929783693505,-29.401117219808288,42.75030312651866,89.006007322057,-120.75302139667016,-84.0812901139679
66.66666667,-43.43226440097202,-30.137795880428243,-88.39354515617572,-31.84298510737281,31.391516965065552,73.18435176899051,-135.0199431979114,-99.72107694664456
87.5,-49.139568908545925,-33.485706176069215,-93.77593272963924,-34.64632741345861,22.82149080035112,59.65696913773368,-144.58079597638024,-114.0824815369934
116.6666667,-56.75784215652168,-37.43502276240265,-101.2181052212645,-38.02433933131377,14.872887034885975,46.97296149357339,-154.45317774242474,-128.0577387962029
150,-68.00100672932058,-41.171741728516494,-111.82789496534092,-41.17716946517917,4.296553196310803,37.37469333780559,-172.32567067517863,-138.8168459249004
200,-69.69465128493083,-45.700221284922094,-113.58851513512013,-44.803087805800786,-161.38616591267692,28.10291979765442,20.07763311525952,-149.26093575389964
